Date,Open,High,Low,Close,P/E,P/B,Div Yield %
18-05-2021,15067.2,15137.25,15043.7,15108.1,30.53,4.33,0.97
19-05-2021,15058.6,15133.4,15008.85,15030.15,29.98,4.3,0.98
20-05-2021,15042.6,15069.8,14884.9,14906.05,29.59,4.27,0.99
21-05-2021,14987.8,15190,14985.85,15175.3,29.48,4.34,0.97
24-05-2021,15211.35,15256.25,15145.45,15197.7,29.52,4.35,0.97
25-05-2021,15291.75,15293.85,15163.4,15208.45,29.25,4.35,1
26-05-2021,15257.05,15319.9,15194.95,15301.45,29.41,4.38,0.99
27-05-2021,15323.95,15384.55,15272.5,15337.85,29.48,4.39,0.99
28-05-2021,15421.2,15469.65,15394.75,15435.65,28.98,4.42,0.98
31-05-2021,15437.75,15606.35,15374,15582.8,29.22,4.39,1.06
01-06-2021,15629.65,15660.75,15528.3,15574.85,28.87,4.39,1.07
02-06-2021,15520.35,15597.45,15459.85,15576.2,28.88,4.39,1.06
03-06-2021,15655.55,15705.1,15611,15690.35,29.1,4.43,1.07
04-06-2021,15712.5,15733.6,15622.35,15670.25,29.06,4.42,1.07
07-06-2021,15725.1,15773.45,15678.1,15751.65,29.21,4.44,1.07
08-06-2021,15773.9,15778.8,15680,15740.1,29.19,4.44,1.07
09-06-2021,15766.3,15800.45,15566.9,15635.35,28.99,4.41,1.07
10-06-2021,15692.1,15751.25,15648.5,15737.75,29.18,4.44,1.15
11-06-2021,15796.45,15835.55,15749.8,15799.35,29.3,4.46,1.18
14-06-2021,15791.4,15823.05,15606.5,15811.85,29.32,4.46,1.2
15-06-2021,15866.95,15901.6,15842.4,15869.25,29.43,4.48,1.2
16-06-2021,15847.5,15880.85,15742.6,15767.55,29.24,4.45,1.2
17-06-2021,15648.3,15769.35,15616.75,15691.4,29.1,4.43,1.24
18-06-2021,15756.5,15761.5,15450.9,15683.35,29.08,4.32,1.24
21-06-2021,15525.85,15765.15,15505.65,15746.5,29.19,4.31,1.22
22-06-2021,15840.5,15895.75,15752.1,15772.75,29.05,4.32,1.21
23-06-2021,15862.8,15862.95,15673.95,15686.95,28.89,4.3,1.22
24-06-2021,15737.3,15821.4,15702.7,15790.45,29.08,4.32,1.22
25-06-2021,15839.35,15870.8,15772.3,15860.35,29.21,4.34,1.21
28-06-2021,15915.35,15915.65,15792.15,15814.7,29.12,4.33,1.22
29-06-2021,15807.5,15835.9,15724.05,15748.45,29,4.31,1.26
30-06-2021,15776.9,15839.1,15708.75,15721.5,28.33,4.24,1.26
01-07-2021,15755.05,15755.55,15667.05,15680,28.26,4.23,1.27
02-07-2021,15705.85,15738.35,15635.95,15722.2,28.33,4.24,1.23
05-07-2021,15793.4,15845.95,15762.05,15834.35,28.53,4.27,1.23
06-07-2021,15813.75,15914.2,15801,15818.25,28.5,4.26,1.1
07-07-2021,15819.6,15893.55,15779.7,15879.65,28.62,4.28,1.1
08-07-2021,15855.4,15885.75,15682.9,15727.9,28.34,4.24,1.14
09-07-2021,15688.25,15730.85,15632.75,15689.8,28.27,4.23,1.09
12-07-2021,15766.8,15789.2,15644.75,15692.6,28.21,4.23,1.09
13-07-2021,15794,15820.8,15744.6,15812.35,28.43,4.26,1.08
14-07-2021,15808.7,15877.35,15764.2,15853.95,28.5,4.27,1.09
15-07-2021,15872.15,15952.35,15855,15924.2,28.63,4.29,1.1
16-07-2021,15958.35,15962.25,15882.6,15923.4,28.53,4.29,1.09
19-07-2021,15754.5,15836.9,15707.5,15752.4,28.23,4.25,1.11
20-07-2021,15703.95,15728.45,15578.55,15632.1,27.89,4.21,1.11
22-07-2021,15736.6,15834.8,15726.4,15824.05,28.22,4.26,1.11
23-07-2021,15856.8,15899.8,15768.4,15856.05,28.28,4.16,1.13
26-07-2021,15849.3,15893.35,15797,15824.45,28.13,4.13,1.13
27-07-2021,15860.5,15881.55,15701,15746.45,27.45,4.11,1.14
28-07-2021,15761.55,15767.5,15513.45,15709.4,26.98,4.1,1.18
29-07-2021,15762.7,15817.35,15737.8,15778.45,27.08,4.12,1.19
30-07-2021,15800.6,15862.8,15744.85,15763.05,27.01,4.12,1.18
02-08-2021,15874.9,15892.9,15834.65,15885.15,27.21,4.15,1.17
03-08-2021,15951.55,16146.9,15914.35,16130.75,27.31,4.21,1.15
04-08-2021,16195.25,16290.2,16176.15,16258.8,27.39,4.25,1.14
05-08-2021,16288.95,16349.45,16210.3,16294.6,26.72,4.25,1.14
06-08-2021,16304.4,16336.75,16223.3,16238.2,26.51,4.24,1.13
09-08-2021,16281.35,16320.75,16179.05,16258.25,26.53,4.25,1.13
10-08-2021,16274.8,16359.25,16202.25,16280.1,26.35,4.24,1.13
11-08-2021,16327.3,16338.75,16162.55,16282.25,26.34,4.24,1.13
12-08-2021,16303.65,16375.5,16286.9,16364.4,26.25,4.26,1.14
13-08-2021,16385.7,16543.6,16376.3,16529.1,26.51,4.3,1.1
16-08-2021,16518.4,16589.4,16480.75,16563.05,25.62,4.31,1.1
17-08-2021,16545.25,16628.55,16495.4,16614.6,25.46,4.21,1.1
18-08-2021,16691.95,16701.85,16535.85,16568.85,25.39,4.19,1.1
20-08-2021,16382.5,16509.55,16376.05,16450.5,25.21,4.16,1.11
23-08-2021,16592.25,16592.5,16395.7,16496.45,25.28,4.18,1.11
24-08-2021,16561.4,16647.1,16495.3,16624.6,25.47,4.21,1.1
25-08-2021,16654,16712.45,16617.5,16634.65,25.49,4.21,1.1
26-08-2021,16627.95,16683.7,16603.4,16636.9,25.49,4.21,1.08
27-08-2021,16642.55,16722.05,16565.6,16705.2,25.6,4.23,1.08
30-08-2021,16775.85,16951.5,16764.85,16931.05,25.94,4.29,1.06
31-08-2021,16947.5,17153.5,16915.85,17132.2,26.25,4.33,1.05
01-09-2021,17185.6,17225.75,17055.05,17076.25,26.17,4.32,1.05
02-09-2021,17095.4,17245.5,17059.7,17234.15,26.41,4.36,1.04
03-09-2021,17262.45,17340.1,17212.2,17323.6,26.54,4.38,1.03
06-09-2021,17399.35,17429.55,17345.55,17377.8,26.63,4.39,1.03
07-09-2021,17401.55,17436.5,17287,17362.1,26.6,4.39,1.03
08-09-2021,17375.75,17383.4,17254.2,17353.5,26.59,4.39,1.07
09-09-2021,17312.85,17379.65,17302.7,17369.25,26.61,4.39,1.07
13-09-2021,17363.55,17378.35,17269.15,17355.3,26.59,4.39,1.07
14-09-2021,17420.35,17438.55,17367.05,17380,26.63,4.39,1.07
15-09-2021,17387.65,17532.7,17386.9,17519.45,26.84,4.43,1.06
16-09-2021,17539.2,17644.6,17510.45,17629.5,26.99,4.45,1.12
17-09-2021,17709.65,17792.95,17537.65,17585.15,26.93,4.44,1.13
20-09-2021,17443.85,17622.75,17361.8,17396.9,26.64,4.4,1.14
21-09-2021,17450.5,17578.35,17326.1,17562,26.89,4.44,1.13
22-09-2021,17580.9,17610.45,17524,17546.65,26.87,4.43,1.13
23-09-2021,17670.85,17843.9,17646.55,17822.95,27.29,4.5,1.11
24-09-2021,17897.45,17947.65,17819.4,17853.2,27.34,4.47,1.11
27-09-2021,17932.2,17943.5,17802.9,17855.1,27.33,4.47,1.15
28-09-2021,17906.45,17912.85,17576.1,17748.6,27.16,4.44,1.16
29-09-2021,17657.95,17781.75,17608.15,17711.3,27.11,4.43,1.16
30-09-2021,17718.9,17742.15,17585.35,17618.15,26.98,4.41,1.17
01-10-2021,17531.9,17557.15,17452.9,17532.05,26.84,4.39,1.17
04-10-2021,17615.55,17750.9,17581.35,17691.25,27.09,4.43,1.16
05-10-2021,17661.35,17833.45,17640.9,17822.3,27.29,4.46,1.16
06-10-2021,17861.5,17884.6,17613.15,17646,27.02,4.42,1.17
07-10-2021,17810.55,17857.55,17763.8,17790.35,27.24,4.45,1.16
08-10-2021,17886.85,17941.85,17840.35,17895.2,27.4,4.48,1.15
11-10-2021,17867.55,18041.95,17839.1,17945.95,27.48,4.49,1.15
12-10-2021,17915.8,18008.65,17864.95,17991.95,27.49,4.51,1.14
13-10-2021,18097.85,18197.8,18050.75,18161.75,27.75,4.55,1.13
14-10-2021,18272.85,18350.75,18248.7,18338.55,28.02,4.59,1.12
18-10-2021,18500.1,18543.15,18445.3,18477.05,28.17,4.63,1.11
19-10-2021,18602.35,18604.45,18377.7,18418.75,27.97,4.61,1.07
20-10-2021,18439.9,18458.3,18209.35,18266.6,27.72,4.57,1.08
21-10-2021,18382.7,18384.2,18048,18178.1,27.58,4.55,1.1
22-10-2021,18230.7,18314.25,18034.35,18114.9,27.48,4.54,1.1
25-10-2021,18229.5,18241.4,17968.5,18125.4,27.29,4.54,1.04
26-10-2021,18154.5,18310.45,18099.3,18268.4,27.16,4.57,1.12
27-10-2021,18295.85,18342.05,18167.9,18210.95,27.06,4.56,1.13
28-10-2021,18187.65,18190.7,17799.45,17857.25,26.39,4.47,1.13
29-10-2021,17833.05,17915.85,17613.1,17671.65,25.71,4.43,1.13
01-11-2021,17783.15,17954.1,17697.1,17929.65,26.07,4.49,1.11
02-11-2021,17970.9,18012.25,17847.6,17888.95,25.95,4.48,1.13
03-11-2021,17947.95,17988.75,17757.95,17829.2,25.98,4.46,1.13
04-11-2021,17935.05,17947.55,17900.6,17916.8,26.11,4.49,1.1
08-11-2021,18040.2,18087.8,17836.1,18068.55,26.25,4.52,1.09
09-11-2021,18084.35,18112.6,17983.05,18044.25,26.06,4.52,1.09
10-11-2021,17973.45,18061.25,17915,18017.2,26.03,4.51,1.09
11-11-2021,17967.45,17971.35,17798.2,17873.6,25.65,4.48,1.12
12-11-2021,17977.6,18123,17905.9,18102.75,25.98,4.53,1.11
15-11-2021,18140.95,18210.15,18071.3,18109.45,26,4.53,1.11
16-11-2021,18127.05,18132.65,17958.8,17999.2,24.83,4.51,1.11
17-11-2021,17939.35,18022.65,17879.25,17898.65,24.69,4.48,1.12
18-11-2021,17890.55,17945.6,17688.5,17764.8,24.51,4.45,1.13
22-11-2021,17796.25,17805.25,17280.45,17416.55,24.03,4.36,1.16
23-11-2021,17281.75,17553.7,17216.1,17503.35,24.15,4.38,1.15
24-11-2021,17550.05,17600.6,17354,17415.05,24.03,4.36,1.16
25-11-2021,17417.3,17564.35,17351.7,17536.25,24.19,4.39,1.15
26-11-2021,17338.75,17355.4,16985.7,17026.45,23.49,4.26,1.18
29-11-2021,17055.8,17160.7,16782.4,17053.95,23.53,4.27,1.18
30-11-2021,17051.15,17324.65,16931.4,16983.2,23.43,4.25,1.19
01-12-2021,17104.4,17213.05,17064.25,17166.9,23.68,4.3,1.17
02-12-2021,17183.2,17420.35,17149.3,17401.65,24.01,4.36,1.16
03-12-2021,17424.9,17489.8,17180.8,17196.7,23.73,4.31,1.17
06-12-2021,17209.05,17216.75,16891.7,16912.25,23.33,4.23,1.22
07-12-2021,17044.1,17251.65,16987.75,17176.7,23.69,4.3,1.2
08-12-2021,17315.25,17484.6,17308.95,17469.75,24.1,4.37,1.18
09-12-2021,17524.4,17543.25,17379.6,17516.85,24.16,4.39,1.17
10-12-2021,17476.05,17534.35,17405.25,17511.3,24.15,4.38,1.18
13-12-2021,17619.1,17639.5,17355.95,17368.25,23.96,4.35,1.18
14-12-2021,17283.2,17376.2,17225.8,17324.9,23.9,4.34,1.19
15-12-2021,17323.65,17351.2,17192.2,17221.4,23.75,4.31,1.2
16-12-2021,17373,17379.35,17184.95,17248.4,23.79,4.32,1.19
17-12-2021,17276,17298.15,16966.45,16985.2,23.43,4.25,1.19
20-12-2021,16824.25,16840.1,16410.2,16614.2,22.92,4.16,1.22
21-12-2021,16773.15,16936.4,16688.25,16770.85,23.13,4.2,1.2
22-12-2021,16865.55,16971,16819.5,16955.45,23.39,4.24,1.22
23-12-2021,17066.8,17118.65,17015.55,17072.6,23.55,4.27,1.22
24-12-2021,17149.5,17155.6,16909.6,17003.75,23.45,4.26,1.22
27-12-2021,16937.75,17112.05,16833.2,17086.25,23.57,4.28,1.21
28-12-2021,17177.6,17250.25,17161.15,17233.25,23.77,4.31,1.2
29-12-2021,17220.1,17285.95,17176.65,17213.6,23.74,4.31,1.21
30-12-2021,17201.45,17264.05,17146.35,17203.95,23.73,4.31,1.21
31-12-2021,17244.5,17400.8,17238.5,17354.05,24.11,4.37,1.19
03-01-2022,17387.15,17646.65,17383.3,17625.7,24.49,4.44,1.17
04-01-2022,17681.4,17827.6,17593.55,17805.25,24.74,4.49,1.16
05-01-2022,17820.1,17944.7,17748.85,17925.25,24.91,4.52,1.15
06-01-2022,17768.5,17797.95,17655.55,17745.9,24.66,4.47,1.16
07-01-2022,17797.6,17905,17704.55,17812.7,24.75,4.49,1.16
10-01-2022,17913.3,18017.45,17879.15,18003.3,25.01,4.54,1.14
11-01-2022,17997.75,18081.25,17964.4,18055.75,25.09,4.55,1.14
12-01-2022,18170.4,18227.95,18128.8,18212.35,25.3,4.59,1.13
13-01-2022,18257,18272.25,18163.8,18257.8,25.37,4.6,1.13
14-01-2022,18185,18286.95,18119.65,18255.75,25.3,4.6,1.12
17-01-2022,18235.65,18321.55,18228.75,18308.1,25.37,4.61,1.12
18-01-2022,18337.2,18350.95,18085.9,18113.05,25,4.56,1.13
19-01-2022,18129.2,18129.2,17884.9,17938.4,24.76,4.52,1.15
20-01-2022,17921,17943.7,17648.45,17757,24.47,4.47,1.18
21-01-2022,17613.7,17707.6,17485.85,17617.15,24.29,4.44,1.18
24-01-2022,17575.15,17599.4,16997.85,17149.1,23.63,4.32,1.21
25-01-2022,17001.55,17309.15,16836.8,17277.95,23.47,4.35,1.2
27-01-2022,17062,17182.5,16866.75,17110.15,23.09,4.31,1.21
28-01-2022,17208.3,17373.5,17077.1,17101.95,23.1,4.31,1.21
31-01-2022,17301.05,17410,17264.15,17339.85,23.42,4.37,1.2
01-02-2022,17529.45,17622.4,17244.55,17576.85,23.62,4.43,1.18
02-02-2022,17706.2,17794.6,17674.8,17780,23.95,4.48,1.17
03-02-2022,17767.75,17781.15,17511.15,17560.2,23.65,4.42,1.21
04-02-2022,17590.2,17617.8,17462.55,17516.3,23.56,4.41,1.21
07-02-2022,17456.3,17536.75,17119.4,17213.6,23.11,4.34,1.23
08-02-2022,17279.85,17306.45,17043.65,17266.75,22.83,4.35,1.23
09-02-2022,17370.1,17477.15,17339,17463.8,23.09,4.4,1.2
10-02-2022,17554.1,17639.45,17427.15,17605.85,22.98,4.44,1.2
11-02-2022,17451,17454.75,17303,17374.75,22.68,4.38,1.2
14-02-2022,17076.15,17099.5,16809.65,16842.8,21.85,4.24,1.3
15-02-2022,16933.25,17375,16839.25,17352.45,22.36,4.37,1.25
16-02-2022,17408.45,17490.6,17257.7,17322.2,22.27,4.36,1.28
17-02-2022,17396.55,17442.9,17235.85,17304.6,22.25,4.36,1.25
18-02-2022,17236.05,17380.8,17219.2,17276.3,22.21,4.35,1.25
21-02-2022,17192.25,17351.05,17070.7,17206.65,22.12,4.34,1.29
22-02-2022,16847.95,17148.55,16843.8,17092.2,21.97,4.31,1.24
23-02-2022,17194.5,17220.7,17027.85,17063.25,21.94,4.3,1.24
24-02-2022,16548.9,16705.25,16203.25,16247.95,20.89,4.09,1.3
25-02-2022,16515.65,16748.8,16478.3,16658.4,21.42,4.2,1.27
28-02-2022,16481.6,16815.9,16356.3,16793.9,21.59,4.23,1.26
02-03-2022,16593.1,16678.5,16478.65,16605.95,21.35,4.18,1.27
03-03-2022,16723.2,16768.95,16442.95,16498.05,21.21,4.16,1.28
04-03-2022,16339.45,16456,16133.8,16245.35,20.89,4.09,1.3
07-03-2022,15867.95,15944.6,15711.45,15863.15,20.39,4,1.33
08-03-2022,15747.75,16028.75,15671.45,16013.45,20.59,4.03,1.31
09-03-2022,16078,16418.05,15990,16345.35,21.01,4.12,1.28
10-03-2022,16757.1,16757.3,16447.9,16594.9,21.34,4.18,1.26
11-03-2022,16528.8,16694.4,16470.9,16630.45,21.38,4.19,1.26
14-03-2022,16633.7,16887.95,16606.5,16871.3,21.69,4.25,1.24
15-03-2022,16900.65,16927.75,16555,16663,21.42,4.2,1.24
16-03-2022,16876.65,16987.9,16837.85,16975.35,21.82,4.28,1.22
17-03-2022,17202.9,17344.6,17175.75,17287.05,22.23,4.36,1.2
21-03-2022,17329.5,17353.35,17096.4,17117.6,22.01,4.31,1.21
22-03-2022,17120.4,17334.4,17006.3,17315.5,22.26,4.36,1.2
23-03-2022,17405.05,17442.4,17199.6,17245.65,22.17,4.35,1.19
24-03-2022,17094.95,17291.75,17091.15,17222.75,22.14,4.34,1.19
25-03-2022,17289,17294.9,17076.55,17153,22.05,4.32,1.19
28-03-2022,17181.85,17235.1,17003.9,17222,22.14,4.34,1.19
29-03-2022,17297.2,17343.65,17235.7,17325.3,22.27,4.37,1.18
30-03-2022,17468.15,17522.5,17387.2,17498.25,22.5,4.41,1.17
31-03-2022,17519.2,17559.8,17435.2,17464.75,22.92,4.46,1.13
01-04-2022,17436.9,17703.7,17422.7,17670.45,23.19,4.51,1.12
04-04-2022,17809.1,18114.65,17791.4,18053.4,23.69,4.61,1.1
05-04-2022,18080.6,18095.45,17921.55,17957.4,23.57,4.59,1.11
06-04-2022,17842.75,17901,17779.85,17807.65,23.37,4.55,1.12
07-04-2022,17723.3,17787.5,17623.7,17639.55,23.15,4.51,1.13
08-04-2022,17698.15,17842.75,17600.55,17784.35,23.34,4.54,1.11
11-04-2022,17740.9,17779.05,17650.95,17674.95,23.2,4.52,1.12
12-04-2022,17584.85,17595.3,17442.35,17530.3,23.01,4.48,1.13
13-04-2022,17599.9,17663.65,17457.4,17475.65,22.92,4.46,1.13
18-04-2022,17183.45,17237.75,17067.85,17173.65,22.53,4.39,1.15
19-04-2022,17258.95,17275.65,16824.7,16958.65,22.1,4.33,1.16
20-04-2022,17045.25,17186.9,16978.95,17136.55,22.33,4.38,1.15
21-04-2022,17234.6,17414.7,17215.5,17392.6,22.67,4.44,1.14
22-04-2022,17242.75,17315.3,17149.2,17171.95,22.38,4.39,1.15
25-04-2022,17009.05,17054.3,16888.7,16953.95,22.03,4.33,1.17
26-04-2022,17121.3,17223.85,17064.45,17200.8,22.17,4.39,1.15
27-04-2022,17073.35,17110.7,16958.45,17038.4,21.96,4.35,1.16
28-04-2022,17189.5,17322.5,17071.05,17245.05,22.2,4.41,1.17
29-04-2022,17329.25,17377.65,17053.25,17102.55,22.01,4.37,1.16
02-05-2022,16924.45,17092.25,16917.25,17069.1,21.87,4.36,1.16
04-05-2022,17096.6,17132.85,16623.95,16677.6,21.31,4.26,1.19
05-05-2022,16854.75,16945.7,16651.85,16682.65,21.24,4.26,1.19
06-05-2022,16415.55,16484.2,16340.9,16411.25,20.89,4.19,1.21
09-05-2022,16227.7,16403.7,16142.1,16301.85,20.75,4.17,1.21
10-05-2022,16248.9,16404.55,16197.3,16240.05,20.42,4.15,1.22
11-05-2022,16270.05,16318.75,15992.6,16167.1,20.32,4.13,1.22
12-05-2022,16021.1,16041.95,15735.75,15808,19.87,4.04,1.35
13-05-2022,15977,16083.6,15740.85,15782.15,19.83,4.03,1.35
16-05-2022,15845.1,15977.95,15739.65,15842.3,19.72,4.05,1.35
17-05-2022,15912.6,16284.25,15900.8,16259.3,20.12,4.15,1.31
18-05-2022,16318.15,16399.8,16211.2,16240.3,20.09,4.15,1.31
19-05-2022,15917.4,15984.75,15775.2,15809.4,19.51,4.04,1.35
20-05-2022,16043.8,16283.05,16003.85,16266.15,20.05,4.16,1.31
23-05-2022,16290.95,16414.7,16185.75,16214.7,20.01,4.14,1.32
24-05-2022,16225.55,16262.8,16078.6,16125.15,19.87,4.12,1.32
25-05-2022,16196.35,16223.35,16006.95,16025.8,19.74,4.09,1.38
26-05-2022,16105,16204.45,15903.7,16170.15,19.88,4.13,1.44
27-05-2022,16296.6,16370.6,16221.95,16352.45,20.27,4.18,1.43
30-05-2022,16527.9,16695.5,16506.15,16661.4,20.65,4.26,1.4
31-05-2022,16578.45,16690.75,16521.9,16584.55,20.44,4.24,1.43
01-06-2022,16594.4,16649.2,16438.85,16522.75,20.45,4.22,1.44
02-06-2022,16481.65,16646.4,16443.05,16628,20.58,4.25,1.43
03-06-2022,16761.65,16793.85,16567.9,16584.3,20.52,4.24,1.41
06-06-2022,16530.7,16610.95,16444.55,16569.55,20.5,4.24,1.41
07-06-2022,16469.6,16487.25,16347.1,16416.35,20.31,4.2,1.43
08-06-2022,16474.95,16514.3,16293.35,16356.25,20.24,4.18,1.43
09-06-2022,16263.85,16492.8,16243.85,16478.1,20.39,4.21,1.43
10-06-2022,16283.95,16324.7,16172.6,16201.8,20.05,4.14,1.38
13-06-2022,15877.55,15886.15,15684,15774.4,19.52,4.03,1.38
14-06-2022,15674.25,15858,15659.45,15732.1,19.47,4.02,1.36
15-06-2022,15729.25,15783.65,15678.9,15692.15,19.42,4.01,1.45
16-06-2022,15832.25,15863.15,15335.1,15360.6,19.01,3.93,1.48
17-06-2022,15272.65,15400.4,15183.4,15293.5,18.92,3.91,1.46
20-06-2022,15334.5,15382.5,15191.1,15350.15,18.99,3.92,1.46
21-06-2022,15455.95,15707.25,15419.85,15638.8,19.35,4,1.44
22-06-2022,15545.65,15565.4,15385.95,15413.3,19.07,3.94,1.46
23-06-2022,15451.55,15628.45,15367.5,15556.65,19.25,3.98,1.44
24-06-2022,15657.4,15749.25,15619.45,15699.25,19.43,4.01,1.43
27-06-2022,15926.2,15927.45,15815.5,15832.05,19.59,4.05,1.41
28-06-2022,15757.45,15892.1,15710.15,15850.2,19.61,4.05,1.41
29-06-2022,15701.7,15861.6,15687.8,15799.1,19.55,4.04,1.38
30-06-2022,15774.5,15890,15728.85,15780.25,19.5,4.03,1.41
01-07-2022,15703.7,15793.95,15511.05,15752.05,19.46,4.02,1.41
04-07-2022,15710.5,15852.35,15661.8,15835.35,19.57,4.04,1.43
05-07-2022,15909.15,16025.75,15785.45,15810.85,19.54,4.04,1.42
06-07-2022,15818.2,16011.35,15800.9,15989.8,19.76,4.08,1.41
07-07-2022,16113.75,16150.5,16045.95,16132.9,19.93,4.12,1.4
08-07-2022,16273.65,16275.5,16157.9,16220.6,20.04,4,1.37
11-07-2022,16136.15,16248.55,16115.5,16216,20.03,3.91,1.37
12-07-2022,16126.2,16158.75,16031.15,16058.3,19.83,3.87,1.38
13-07-2022,16128.2,16140,15950.15,15966.65,19.72,3.85,1.39
14-07-2022,16018.85,16070.85,15858.2,15938.65,19.69,3.84,1.42
15-07-2022,16010.8,16066.95,15927.3,16049.2,19.82,3.87,1.38
18-07-2022,16151.4,16287.95,16142.2,16278.5,20.11,3.92,1.36
19-07-2022,16187.05,16359.5,16187.05,16340.55,20.18,3.94,1.37
20-07-2022,16562.8,16588,16490.95,16520.85,20.33,3.98,1.36
21-07-2022,16523.55,16626.95,16483.9,16605.25,20.43,4,1.41
22-07-2022,16661.25,16752.25,16610.9,16719.45,20.55,4.03,1.4
25-07-2022,16662.55,16706.05,16564.25,16631,20.44,4.01,1.38
26-07-2022,16632.9,16636.1,16463.3,16483.85,20.17,3.96,1.39
27-07-2022,16475.35,16653.45,16438.75,16641.8,20.19,4,1.38
28-07-2022,16774.85,16947.65,16746.25,16929.6,20.49,4.07,1.33
29-07-2022,17079.5,17172.8,17018.15,17158.25,20.73,4.12,1.29
01-08-2022,17243.2,17356.25,17154.8,17340.05,20.9,4.17,1.29
02-08-2022,17310.15,17390.15,17215.85,17345.45,20.86,4.17,1.29
03-08-2022,17349.25,17407.5,17225.85,17388.15,20.85,4.18,1.3
04-08-2022,17463.1,17490.7,17161.25,17382,20.85,4.18,1.3
05-08-2022,17423.65,17474.4,17348.75,17397.5,20.86,4.18,1.29
08-08-2022,17401.5,17548.8,17359.75,17525.1,21.02,4.21,1.33
10-08-2022,17566.1,17566.1,17442.8,17534.75,21.11,4.21,1.34
11-08-2022,17711.65,17719.3,17631.95,17659,21.29,4.18,1.36
12-08-2022,17659.65,17724.65,17597.85,17698.15,21.18,4.15,1.35
16-08-2022,17797.2,17839.1,17764.05,17825.25,21.34,4.18,1.34
17-08-2022,17868.15,17965.95,17833.35,17944.25,21.42,4.2,1.33
18-08-2022,17898.65,17968.45,17852.05,17956.5,21.44,4.2,1.38
19-08-2022,17966.55,17992.2,17710.75,17758.45,21.2,4.15,1.41
22-08-2022,17682.9,17690.05,17467.35,17490.7,20.88,4.09,1.44
23-08-2022,17357.35,17625.55,17345.2,17577.5,20.98,4.11,1.43
24-08-2022,17525.45,17623.65,17499.25,17604.95,21.02,4.11,1.42
25-08-2022,17679,17726.5,17487.45,17522.45,20.92,4.09,1.43
26-08-2022,17619.3,17685.85,17519.35,17558.9,20.96,4.1,1.43
29-08-2022,17188.65,17380.15,17166.2,17312.9,20.67,4.05,1.45
30-08-2022,17414.95,17777.65,17401.5,17759.3,21.2,4.12,1.41
01-09-2022,17485.7,17695.6,17468.45,17542.8,20.94,4.07,1.43
02-09-2022,17598.4,17643.85,17476.45,17539.45,20.94,4.07,1.42
05-09-2022,17546.45,17683.15,17540.35,17665.8,21.09,4.1,1.41
06-09-2022,17695.7,17764.65,17587.65,17655.6,21.08,4.1,1.41
07-09-2022,17519.4,17650.75,17484.3,17624.4,21.04,4.09,1.41
08-09-2022,17748.15,17807.65,17691.95,17798.75,21.25,4.13,1.36
09-09-2022,17923.35,17925.95,17786,17833.35,21.29,4.14,1.35
12-09-2022,17890.85,17980.55,17889.15,17936.35,21.41,4.16,1.35
13-09-2022,18044.45,18088.3,18015.45,18070.05,21.57,4.19,1.34
14-09-2022,17771.15,18091.55,17771.15,18003.75,21.49,4.18,1.34
15-09-2022,18046.35,18096.15,17861.5,17877.4,21.34,4.15,1.35
16-09-2022,17796.8,17820.05,17497.25,17530.85,20.93,4.07,1.31
19-09-2022,17540.65,17667.2,17429.7,17622.25,21.04,4.09,1.3
20-09-2022,17770.4,17919.3,17744.4,17816.25,21.27,4.13,1.28
21-09-2022,17766.35,17838.7,17663.6,17718.35,21.15,4.11,1.29
22-09-2022,17609.65,17722.75,17532.45,17629.8,21.05,4.09,1.3
23-09-2022,17593.85,17642.15,17291.65,17327.35,20.69,4.02,1.32
26-09-2022,17156.3,17196.4,16978.3,17016.3,20.31,3.95,1.35
27-09-2022,17110.9,17176.45,16942.35,17007.4,20.3,3.95,1.35
28-09-2022,16870.55,17037.6,16820.4,16858.6,20.13,3.91,1.36
29-09-2022,16993.6,17026.05,16788.6,16818.1,20.08,3.9,1.36
30-09-2022,16798.05,17187.1,16747.7,17094.35,20.64,4.02,1.32
03-10-2022,17102.1,17114.65,16855.55,16887.35,20.39,3.97,1.34
04-10-2022,17147.45,17287.3,17117.3,17274.3,20.86,4.06,1.31
06-10-2022,17379.25,17428.8,17315.65,17331.8,20.93,4.07,1.31
07-10-2022,17287.2,17337.35,17216.95,17314.65,20.9,4.07,1.31
10-10-2022,17094.35,17280.15,17064.7,17241,20.82,4.05,1.31
11-10-2022,17256.05,17261.8,16950.3,16983.55,20.51,3.99,1.33
12-10-2022,17025.55,17142.35,16960.05,17123.6,20.67,4.02,1.32
13-10-2022,17087.35,17112.35,16956.95,17014.35,20.53,4,1.33
14-10-2022,17322.3,17348.55,17169.75,17185.7,20.74,4.04,1.31
17-10-2022,17144.8,17328.55,17098.55,17311.8,20.86,4.07,1.31
18-10-2022,17438.75,17527.8,17434.05,17486.95,20.99,4.11,1.3
19-10-2022,17568.15,17607.6,17472.85,17512.25,21.02,4.12,1.31
20-10-2022,17423.1,17584.15,17421,17563.95,21.06,4.13,1.3
21-10-2022,17622.85,17670.15,17520.75,17576.3,21.07,4.13,1.29
24-10-2022,17736.35,17777.55,17707.4,17730.75,21.26,4.17,1.28
25-10-2022,17808.3,17811.5,17637,17656.35,21,4.15,1.28
27-10-2022,17771.4,17783.9,17654.5,17736.95,21.1,4.17,1.26
28-10-2022,17756.4,17838.9,17723.7,17786.8,21.15,4.18,1.26
31-10-2022,17910.2,18022.8,17899.9,18012.2,21.42,4.23,1.25
01-11-2022,18130.7,18175.8,18060.15,18145.4,21.98,4.26,1.26
02-11-2022,18177.9,18178.75,18048.65,18082.85,21.82,4.25,1.25
03-11-2022,17968.35,18106.3,17959.2,18052.7,21.79,4.24,1.25
04-11-2022,18053.4,18135.1,18017.15,18117.15,21.77,4.26,1.25
07-11-2022,18211.75,18255.5,18064.75,18202.8,21.71,4.28,1.24
09-11-2022,18288.25,18296.4,18117.5,18157,21.66,4.27,1.26
10-11-2022,18044.35,18103.1,17969.4,18028.2,21.53,4.24,1.27
11-11-2022,18272.35,18362.3,18259.35,18349.7,21.92,4.31,1.24
14-11-2022,18376.4,18399.45,18311.4,18329.15,21.79,4.31,1.26
15-11-2022,18362.75,18427.95,18282,18403.4,21.89,4.32,1.3
16-11-2022,18398.25,18442.15,18344.15,18409.65,21.91,4.32,1.3
17-11-2022,18358.7,18417.6,18312.95,18343.9,21.83,4.31,1.3
18-11-2022,18382.95,18394.6,18209.8,18307.65,21.79,4.3,1.3
21-11-2022,18246.4,18262.3,18133.35,18159.95,21.82,4.26,1.35
22-11-2022,18179.15,18261.85,18137.7,18244.2,21.93,4.28,1.32
23-11-2022,18325.2,18325.4,18246,18267.25,21.95,4.29,1.31
24-11-2022,18326.1,18529.7,18294.25,18484.1,22.21,4.34,1.3
25-11-2022,18528.45,18534.9,18445.1,18512.75,22.25,4.35,1.3
28-11-2022,18430.55,18614.25,18365.6,18562.75,22.31,4.36,1.29
29-11-2022,18552.45,18678.1,18552.15,18618.05,22.37,4.37,1.29
30-11-2022,18625.7,18816.05,18616.55,18758.35,22.54,4.4,1.28
01-12-2022,18871.95,18887.6,18778.2,18812.5,22.61,4.42,1.28
02-12-2022,18752.4,18781.95,18639.2,18696.1,22.47,4.39,1.28
05-12-2022,18719.55,18728.6,18591.35,18701.05,22.47,4.39,1.28
06-12-2022,18600.65,18654.9,18577.9,18642.75,22.4,4.38,1.26
07-12-2022,18638.85,18668.3,18528.4,18560.5,22.31,4.36,1.27
08-12-2022,18570.85,18625,18536.95,18609.35,22.36,4.37,1.27
09-12-2022,18662.4,18664.7,18410.1,18496.6,22.23,4.34,1.27
12-12-2022,18402.15,18521.55,18345.7,18497.15,22.23,4.34,1.27
13-12-2022,18524.4,18617.25,18490.2,18608,22.36,4.37,1.27
14-12-2022,18671.25,18696.1,18632.9,18660.3,22.43,4.38,1.26
15-12-2022,18614.4,18652.9,18387.7,18414.9,22.13,4.32,1.28
16-12-2022,18319.1,18440.95,18255.15,18269,21.96,4.29,1.29
19-12-2022,18288.1,18431.65,18244.55,18420.45,22.14,4.32,1.28
20-12-2022,18340.3,18404.9,18202.65,18385.3,22.1,4.32,1.28
21-12-2022,18435.15,18473.35,18162.75,18199.1,21.87,4.27,1.29
22-12-2022,18288.8,18318.75,18068.6,18127.35,21.79,4.26,1.27
23-12-2022,17977.65,18050.45,17779.5,17806.8,21.4,4.18,1.29
26-12-2022,17830.4,18084.1,17774.25,18014.6,21.65,4.23,1.28
27-12-2022,18089.8,18149.25,17967.45,18132.3,21.79,4.26,1.27
28-12-2022,18084.75,18173.1,18068.35,18122.5,21.78,4.25,1.27
29-12-2022,18045.7,18229.7,17992.8,18191,21.86,4.27,1.27
30-12-2022,18259.1,18265.25,18080.3,18105.3,21.79,4.25,1.27
02-01-2023,18131.7,18215.15,18086.5,18197.45,21.9,4.27,1.26
03-01-2023,18163.2,18251.95,18149.8,18232.55,21.94,4.28,1.26
04-01-2023,18230.65,18243,18020.6,18042.95,21.71,4.23,1.27
05-01-2023,18101.95,18120.3,17892.6,17992.15,21.65,4.22,1.28
06-01-2023,18008.05,18047.4,17795.55,17859.45,21.49,4.19,1.29
09-01-2023,17952.55,18141.4,17936.15,18101.2,21.78,4.25,1.27
10-01-2023,18121.3,18127.6,17856,17914.15,21.56,4.2,1.28
11-01-2023,17924.25,17976.35,17824.35,17895.7,21.52,4.2,1.28
12-01-2023,17920.85,17945.8,17761.65,17858.2,21.47,4.19,1.29
13-01-2023,17867.5,17999.35,17774.25,17956.6,21.54,4.21,1.28
16-01-2023,18033.15,18049.65,17853.65,17894.85,21.34,4.19,1.38
17-01-2023,17922.8,18072.05,17886.95,18053.3,21.53,4.23,1.37
18-01-2023,18074.3,18183.75,18032.45,18165.35,21.67,4.26,1.36
19-01-2023,18119.8,18155.2,18063.75,18107.85,21.56,4.24,1.37
20-01-2023,18115.6,18145.45,18016.2,18027.65,21.46,4.23,1.36
23-01-2023,18118.45,18162.6,18063.45,18118.55,21.6,4.25,1.35
24-01-2023,18183.95,18201.25,18078.65,18118.3,21.49,4.25,1.36
25-01-2023,18093.35,18100.6,17846.15,17891.95,21.19,4.19,1.37
27-01-2023,17877.2,17884.75,17493.55,17604.35,20.7,4.13,1.4
30-01-2023,17541.95,17709.15,17405.55,17648.95,20.73,4.14,1.39
31-01-2023,17731.45,17735.7,17537.55,17662.15,20.73,4.14,1.39
01-02-2023,17811.6,17972.2,17353.4,17616.3,20.68,4.13,1.4
02-02-2023,17517.1,17653.9,17445.95,17610.4,20.59,4.13,1.4
03-02-2023,17721.75,17870.3,17584.2,17854.05,20.86,4.18,1.38
06-02-2023,17818.55,17823.7,17698.35,17764.6,20.71,4.16,1.39
07-02-2023,17790.1,17811.15,17652.55,17721.5,20.5,4.15,1.39
08-02-2023,17750.3,17898.7,17744.15,17871.7,21.1,4.19,1.42
09-02-2023,17885.5,17916.9,17779.8,17893.45,21.11,4.19,1.41
10-02-2023,17847.55,17876.95,17801,17856.5,21.06,4.18,1.41
13-02-2023,17859.1,17880.7,17719.75,17770.9,21.05,4.16,1.42
14-02-2023,17840.35,17954.55,17800.05,17929.85,21.21,4.2,1.35
15-02-2023,17896.6,18034.1,17853.8,18015.85,21.31,4.22,1.41
16-02-2023,18094.75,18134.75,18000.65,18035.85,21.26,4.23,1.38
17-02-2023,17974.85,18034.25,17884.6,17944.2,21.15,4.2,1.4
20-02-2023,17965.55,18004.35,17818.4,17844.6,21.04,4.18,1.41
21-02-2023,17905.8,17924.9,17800.3,17826.7,21.01,4.18,1.38
22-02-2023,17755.35,17772.5,17529.45,17554.3,20.69,4.11,1.4
23-02-2023,17574.65,17620.05,17455.4,17511.25,20.64,4.1,1.4
24-02-2023,17591.35,17599.75,17421.8,17465.8,20.58,4.09,1.42
27-02-2023,17428.6,17451.6,17299,17392.7,20.49,4.07,1.43
28-02-2023,17383.25,17440.45,17255.2,17303.95,20.39,4.05,1.44
01-03-2023,17360.1,17467.75,17345.25,17450.9,20.56,4.09,1.43
02-03-2023,17421.5,17445.8,17306,17321.9,20.41,4.06,1.44
03-03-2023,17451.25,17644.75,17427.7,17594.35,20.73,4.12,1.41
06-03-2023,17680.35,17799.95,17671.95,17711.45,20.87,4.15,1.41
08-03-2023,17665.75,17766.5,17602.25,17754.4,20.92,4.16,1.4
09-03-2023,17772.05,17772.35,17573.6,17589.6,20.73,4.12,1.41
10-03-2023,17443.8,17451.5,17324.35,17412.9,20.52,4.08,1.43
13-03-2023,17421.9,17529.9,17113.45,17154.3,20.21,4.02,1.45
14-03-2023,17160.55,17224.65,16987.1,17043.3,20.08,3.99,1.46
15-03-2023,17166.45,17211.35,16938.9,16972.15,20,3.97,1.47
16-03-2023,16994.65,17062.45,16850.15,16985.6,20.01,3.98,1.47
17-03-2023,17111.8,17145.8,16958.15,17100.05,20.15,4,1.46
20-03-2023,17066.6,17066.6,16828.35,16988.4,20.02,3.98,1.47
21-03-2023,17060.4,17127.7,17016,17107.5,20.16,4.01,1.46
22-03-2023,17177.45,17207.25,17107.85,17151.9,20.21,4.02,1.45
23-03-2023,17097.4,17205.4,17045.3,17076.9,20.12,4,1.46
24-03-2023,17076.2,17109.45,16917.35,16945.05,19.97,3.97,1.47
27-03-2023,16984.3,17091,16918.55,16985.7,20.01,3.98,1.47
28-03-2023,17031.75,17061.75,16913.75,16951.7,19.97,3.97,1.47
29-03-2023,16977.3,17126.15,16940.6,17080.7,20.13,4,1.46
31-03-2023,17210.35,17381.6,17204.65,17359.75,20.44,4.06,1.44
03-04-2023,17427.95,17428.05,17312.75,17398.05,20.48,4.07,1.43
05-04-2023,17422.3,17570.55,17402.7,17557.05,20.67,4.11,1.41
06-04-2023,17533.85,17638.7,17502.85,17599.15,20.72,4.12,1.41
10-04-2023,17634.9,17694.1,17597.95,17624.05,20.75,4.13,1.41
11-04-2023,17704.8,17748.75,17655.15,17722.3,20.86,4.15,1.4
12-04-2023,17759.55,17825.75,17717.25,17812.4,20.97,4.17,1.39
13-04-2023,17807.3,17842.15,17729.65,17828,20.99,4.17,1.4
17-04-2023,17863,17863,17574.05,17706.85,20.82,4.14,1.41
18-04-2023,17766.6,17766.6,17610.2,17660.15,20.65,4.13,1.41
19-04-2023,17653.35,17666.15,17579.85,17618.75,20.6,4.12,1.42
20-04-2023,17638.6,17684.45,17584.35,17624.45,20.61,4.13,1.42
21-04-2023,17639.75,17663.2,17553.95,17624.05,20.61,4.13,1.42
24-04-2023,17707.55,17754.5,17612.5,17743.4,20.74,4.15,1.41
25-04-2023,17761.55,17807.45,17716.85,17769.25,20.56,4.16,1.41
26-04-2023,17767.3,17827.75,17711.2,17813.6,20.59,4.17,1.4
27-04-2023,17813.1,17931.6,17797.9,17915.05,20.7,4.19,1.39
28-04-2023,17950.4,18089.15,17885.3,18065,20.87,4.23,1.38
02-05-2023,18124.8,18180.25,18101.75,18147.65,20.92,4.25,1.38
03-05-2023,18113.8,18116.35,18042.4,18089.85,21.33,4.23,1.38
04-05-2023,18081,18267.45,18066.7,18255.8,21.85,4.27,1.37
05-05-2023,18117.3,18216.95,18055.45,18069,21.62,4.23,1.38
08-05-2023,18120.6,18286.95,18100.3,18264.4,21.77,4.28,1.37
09-05-2023,18303.4,18344.2,18229.65,18265.95,21.77,4.28,1.37
10-05-2023,18313.6,18326.75,18211.95,18315.1,21.88,4.29,1.36
11-05-2023,18357.8,18389.7,18270.4,18297,21.86,4.28,1.36
12-05-2023,18273.75,18342.75,18194.55,18314.8,21.82,4.29,1.28
15-05-2023,18339.3,18458.9,18287.9,18398.85,21.92,4.31,1.27
16-05-2023,18432.35,18432.35,18264.35,18286.5,21.59,4.28,1.48
17-05-2023,18300.45,18309,18115.35,18181.75,21.47,4.26,1.49
18-05-2023,18287.5,18297.2,18104.85,18129.95,21.39,4.24,1.5
19-05-2023,18186.15,18218.1,18060.4,18203.4,21.48,4.26,1.5
22-05-2023,18201.1,18335.25,18178.85,18314.4,21.36,4.29,1.49
23-05-2023,18362.9,18419.75,18324.2,18348,21.41,4.29,1.49
24-05-2023,18294.8,18392.6,18262.95,18285.4,21.24,4.28,1.49
25-05-2023,18268.9,18338.1,18202.4,18321.15,21.28,4.29,1.43
26-05-2023,18368.35,18508.55,18333.15,18499.35,21.54,4.33,1.34
29-05-2023,18619.15,18641.2,18581.25,18598.65,21.65,4.35,1.34
30-05-2023,18606.65,18662.45,18575.5,18633.85,21.7,4.36,1.44
31-05-2023,18594.2,18603.9,18483.85,18534.4,21.59,4.33,1.36
01-06-2023,18579.4,18580.3,18464.55,18487.75,21.53,4.32,1.36
02-06-2023,18550.85,18573.7,18478.4,18534.1,21.58,4.33,1.45
05-06-2023,18612,18640.15,18582.8,18593.85,21.65,4.35,1.44
06-06-2023,18600.8,18622.75,18531.6,18599,21.66,4.35,1.44
07-06-2023,18665.6,18738.95,18636,18726.4,21.81,4.38,1.43
08-06-2023,18725.35,18777.9,18615.6,18634.55,21.7,4.36,1.44
09-06-2023,18655.9,18676.65,18555.4,18563.4,21.62,4.34,1.45
12-06-2023,18595.05,18633.6,18559.75,18601.5,21.66,4.35,1.44
13-06-2023,18631.8,18728.9,18631.8,18716.15,21.79,4.37,1.43
14-06-2023,18744.6,18769.7,18690,18755.9,21.84,4.38,1.43
15-06-2023,18774.45,18794.1,18669.05,18688.1,21.76,4.37,1.39
16-06-2023,18723.3,18864.7,18710.5,18826,21.92,4.4,1.39
19-06-2023,18873.3,18881.45,18719.15,18755.45,21.84,4.38,1.42
20-06-2023,18752.35,18839.7,18660.65,18816.7,21.91,4.4,1.4
21-06-2023,18849.4,18875.9,18794.85,18856.85,21.96,4.41,1.4
22-06-2023,18853.6,18886.6,18759.5,18771.25,21.85,4.39,1.44
23-06-2023,18741.85,18756.4,18647.1,18665.5,21.73,4.36,1.45
26-06-2023,18682.35,18722.05,18646.7,18691.2,21.76,4.37,1.45
27-06-2023,18748.55,18829.25,18714.25,18817.4,21.9,4.4,1.44
28-06-2023,18908.15,19011.25,18861.35,18972.1,22.08,4.43,1.43
30-06-2023,19076.85,19201.7,19024.6,19189.05,22.36,4.5,1.41
03-07-2023,19246.5,19345.1,19234.4,19322.55,22.51,4.53,1.4
04-07-2023,19406.6,19434.15,19300,19389,22.59,4.54,1.38
05-07-2023,19405.95,19421.6,19339.6,19398.5,22.6,4.55,1.38
06-07-2023,19385.7,19512.2,19373,19497.3,22.72,4.57,1.37
07-07-2023,19422.8,19523.6,19303.6,19331.8,22.52,4.53,1.39
10-07-2023,19400.35,19435.85,19327.1,19355.9,22.55,4.54,1.38
11-07-2023,19427.1,19515.1,19406.45,19439.4,22.65,4.56,1.38
12-07-2023,19497.45,19507.7,19361.75,19384.3,22.58,4.54,1.38
13-07-2023,19495.2,19567,19385.8,19413.75,23.81,4.74,1.32
14-07-2023,19493.45,19595.35,19433.5,19564.5,23.96,4.78,1.3
17-07-2023,19612.15,19731.85,19562.95,19711.45,24.14,4.82,1.29
18-07-2023,19787.5,19819.45,19690.2,19749.25,24.18,4.83,1.28
19-07-2023,19802.95,19851.7,19727.45,19833.15,24.09,4.85,1.27
20-07-2023,19831.7,19991.85,19758.4,19979.15,24.24,4.88,1.28
21-07-2023,19800.45,19887.4,19700,19745,23.95,4.82,1.27
24-07-2023,19748.45,19782.75,19658.3,19672.35,23.83,4.81,1.28
25-07-2023,19729.35,19729.35,19615.95,19680.6,23.55,4.81,1.28
26-07-2023,19733.35,19825.6,19716.7,19778.3,23.97,4.83,1.27
27-07-2023,19850.9,19867.55,19603.55,19659.9,23.83,4.8,1.28
28-07-2023,19659.75,19695.9,19563.1,19646.05,22.91,4.8,1.29
31-07-2023,19666.35,19772.75,19597.6,19753.8,23.01,4.83,1.28
01-08-2023,19784,19795.6,19704.6,19733.55,22.96,4.82,1.28
02-08-2023,19655.4,19678.25,19423.55,19526.55,22.72,4.73,1.33
03-08-2023,19463.75,19537.65,19296.45,19381.65,22.55,4.69,1.35
04-08-2023,19462.8,19538.85,19436.45,19517,22.71,4.72,1.34
07-08-2023,19576.85,19620.45,19524.8,19597.3,22.83,4.74,1.34
08-08-2023,19627.2,19634.4,19533.1,19570.85,22.73,4.73,1.31
09-08-2023,19578.8,19645.5,19467.5,19632.55,22.81,4.75,1.37
10-08-2023,19605.55,19623.6,19495.4,19543.1,22.77,4.73,1.36
11-08-2023,19554.25,19557.75,19412.75,19428.3,22.63,4.7,1.38
14-08-2023,19383.95,19465.85,19257.9,19434.55,22.64,4.7,1.39
16-08-2023,19369,19482.75,19317.2,19465,22.52,4.68,1.39
17-08-2023,19450.55,19461.55,19326.25,19365.25,22.39,4.66,1.39
18-08-2023,19301.75,19373.8,19253.6,19310.15,22.32,4.64,1.36
21-08-2023,19320.65,19425.95,19296.3,19393.6,22.42,4.66,1.37
22-08-2023,19417.1,19443.5,19381.3,19396.45,22.13,4.55,1.37
23-08-2023,19439.2,19472.05,19366.6,19444,22.19,4.56,1.37
24-08-2023,19535.15,19584.45,19369,19386.7,22.12,4.47,1.37
25-08-2023,19297.4,19339.55,19229.7,19265.8,21.98,4.44,1.38
28-08-2023,19298.35,19366.85,19249.7,19306.05,22.03,4.43,1.38
29-08-2023,19374.85,19377.9,19309.1,19342.65,22.07,4.42,1.38
30-08-2023,19433.45,19452.8,19334.75,19347.45,22.07,4.42,1.38
31-08-2023,19375.55,19388.2,19223.65,19253.8,21.97,4.4,1.38
01-09-2023,19258.15,19458.55,19255.7,19435.3,22.17,4.44,1.37
04-09-2023,19525.05,19545.15,19432.85,19528.8,22.28,4.46,1.36
05-09-2023,19564.65,19587.05,19525.75,19574.9,22.33,4.46,1.36
06-09-2023,19581.2,19636.45,19491.5,19611.05,22.37,4.43,1.36
07-09-2023,19598.65,19737,19550.05,19727.05,22.28,4.41,1.36
08-09-2023,19774.8,19867.15,19728.05,19819.95,22.39,4.43,1.36
11-09-2023,19890,20008.15,19865.35,19996.35,22.59,4.46,1.35
12-09-2023,20110.15,20110.35,19914.65,19993.2,22.58,4.44,1.35
13-09-2023,19989.5,20096.9,19944.1,20070,22.67,4.46,1.34
14-09-2023,20127.95,20167.65,20043.45,20103.1,22.71,4.47,1.34
15-09-2023,20156.45,20222.45,20129.7,20192.35,22.81,4.47,1.33
18-09-2023,20155.95,20195.35,20115.7,20133.3,22.74,4.46,1.34
20-09-2023,19980.75,20050.65,19878.85,19901.4,22.48,4.41,1.35
21-09-2023,19840.55,19848.75,19709.95,19742.35,22.3,4.37,1.36
22-09-2023,19744.85,19798.65,19657.5,19674.25,22.22,4.36,1.37
25-09-2023,19678.2,19734.15,19601.55,19674.55,22.22,4.36,1.37
26-09-2023,19682.8,19699.35,19637.45,19664.7,22.21,4.35,1.37
27-09-2023,19637.05,19730.7,19554,19716.45,22.27,4.36,1.36
28-09-2023,19761.8,19766.65,19492.1,19523.55,22.05,4.31,1.38
29-09-2023,19581.2,19726.25,19551.05,19638.3,22.21,3.45,1.37
03-10-2023,19622.4,19623.2,19479.65,19528.75,22.09,3.43,1.38
04-10-2023,19446.3,19457.8,19333.6,19436.1,21.98,3.41,1.38
05-10-2023,19521.85,19576.95,19487.3,19545.75,22.11,3.43,1.37
06-10-2023,19621.2,19675.75,19589.4,19653.5,22.23,3.45,1.37
09-10-2023,19539.45,19588.95,19480.5,19512.35,22.07,3.42,1.38
10-10-2023,19565.6,19717.8,19565.45,19689.85,22.27,3.46,1.36
11-10-2023,19767,19839.2,19756.95,19811.35,22.41,3.48,1.36
12-10-2023,19822.7,19843.3,19772.65,19794,22.39,3.47,1.36
13-10-2023,19654.55,19805.4,19635.3,19751.05,22.33,3.47,1.36
16-10-2023,19737.25,19781.3,19691.85,19731.75,22.29,3.46,1.36
17-10-2023,19843.2,19849.75,19775.65,19811.5,22.38,3.48,1.35
18-10-2023,19820.45,19840.95,19659.95,19671.1,21.87,3.45,1.36
19-10-2023,19545.2,19681.8,19512.35,19624.7,21.77,3.44,1.36
20-10-2023,19542.15,19593.8,19518.7,19542.65,21.68,3.43,1.38
23-10-2023,19521.6,19556.85,19257.85,19281.75,21.36,3.38,1.4
25-10-2023,19286.45,19347.3,19074.15,19122.15,20.92,3.36,1.48
26-10-2023,19027.25,19041.7,18837.85,18857.25,20.63,3.31,1.51
27-10-2023,18928.75,19076.15,18926.65,19047.25,20.84,3.34,1.42
30-10-2023,19053.4,19158.5,18940,19140.9,20.9,3.36,1.41
31-10-2023,19232.95,19233.7,19056.45,19079.6,20.45,3.35,1.41
01-11-2023,19064.05,19096.05,18973.7,18989.15,20.4,3.33,1.41
02-11-2023,19120,19175.25,19064.15,19133.25,20.77,3.36,1.42
03-11-2023,19241,19276.25,19210.9,19230.6,20.88,3.37,1.43
06-11-2023,19345.85,19423,19309.7,19411.75,20.96,3.41,1.42
07-11-2023,19404.05,19423.5,19329.1,19406.7,20.92,3.41,1.42
08-11-2023,19449.6,19464.4,19401.5,19443.5,20.97,3.41,1.42
09-11-2023,19457.4,19463.9,19378.35,19395.3,20.91,3.4,1.41
10-11-2023,19351.85,19451.3,19329.45,19425.35,20.95,3.41,1.4
12-11-2023,19547.25,19547.25,19510.25,19525.55,21.05,3.43,1.4
13-11-2023,19486.75,19494.4,19414.75,19443.55,20.96,3.41,1.4
15-11-2023,19651.4,19693.2,19579.65,19675.45,21.05,3.45,1.33
16-11-2023,19674.7,19875.25,19627,19765.2,21.13,3.47,1.34
17-11-2023,19674.75,19806,19667.45,19731.8,21.1,3.46,1.34
20-11-2023,19731.15,19756.45,19670.5,19694,21.06,3.46,1.35
21-11-2023,19770.9,19829.1,19754.05,19783.4,21.14,3.47,1.38
22-11-2023,19784,19825.55,19703.85,19811.85,21.17,3.47,1.38
23-11-2023,19828.45,19875.15,19786.75,19802,21.16,3.47,1.38
24-11-2023,19809.6,19832.85,19768.85,19794.7,21.15,3.47,1.38
28-11-2023,19844.65,19916.85,19800,19889.7,21.26,3.49,1.37
29-11-2023,19976.55,20104.65,19956.3,20096.6,21.48,3.52,1.36
30-11-2023,20108.5,20158.7,20015.85,20133.15,21.52,3.53,1.35
01-12-2023,20194.1,20291.55,20183.7,20267.9,21.66,3.55,1.34
04-12-2023,20601.95,20702.65,20507.75,20686.8,22.11,3.63,1.32
05-12-2023,20808.9,20864.05,20711.15,20855.1,22.29,3.66,1.31
06-12-2023,20950.75,20961.95,20852.15,20937.7,22.38,3.67,1.3
07-12-2023,20932.4,20941.25,20850.8,20901.15,22.34,3.67,1.3
08-12-2023,20934.1,21006.1,20862.7,20969.4,22.41,3.68,1.3
11-12-2023,20965.3,21026.1,20923.7,20997.1,22.44,3.68,1.3
12-12-2023,21018.55,21037.9,20867.15,20906.4,22.34,3.67,1.33
13-12-2023,20929.75,20950,20769.5,20926.35,22.36,3.67,1.32
14-12-2023,21110.4,21210.9,21074.45,21182.7,22.63,3.71,1.31
15-12-2023,21287.45,21492.3,21235.3,21456.65,22.92,3.76,1.29
18-12-2023,21434.8,21482.8,21365.35,21418.65,22.88,3.76,1.29
19-12-2023,21477.65,21505.05,21337.75,21453.1,22.92,3.76,1.29
20-12-2023,21543.5,21593,21087.35,21150.15,22.6,3.71,1.31
21-12-2023,21033.95,21288.35,20976.8,21255.05,22.71,3.73,1.3
22-12-2023,21295.85,21390.5,21232.45,21349.4,22.81,3.74,1.3
26-12-2023,21365.2,21477.15,21329.45,21441.35,22.91,3.76,1.29
27-12-2023,21497.65,21675.75,21495.8,21654.75,23.14,3.8,1.28
28-12-2023,21715,21801.45,21678,21778.7,23.27,3.82,1.27
29-12-2023,21737.65,21770.3,21676.9,21731.4,23.17,3.81,1.28
01-01-2024,21727.75,21834.35,21680.85,21741.9,23.18,3.81,1.28
02-01-2024,21751.35,21755.6,21555.65,21665.8,23.1,3.79,1.28
